{
  "providers": [
    {
      "type": "bitmap",
      "file": "minecraft:textures/tablogo/logo_part1.png",
      "ascent": 16,
      "height": 16,
      "chars": ["\uE001"]
    },
    {
      "type": "bitmap",
      "file": "minecraft:textures/tablogo/logo_part2.png",
      "ascent": 16,
      "height": 16,
      "chars": ["\uE002"]
    },
    {
      "type": "bitmap",
      "file": "minecraft:textures/tablogo/logo_part3.png",
      "ascent": 16,
      "height": 16,
      "chars": ["\uE003"]
    },
    {
      "type": "bitmap",
      "file": "minecraft:textures/tablogo/logo_part4.png",
      "ascent": 16,
      "height": 16,
      "chars": ["\uE004"]
    },
    {
      "type": "bitmap",
      "file": "minecraft:textures/tablogo/logo_part5.png",
      "ascent": 16,
      "height": 16,
      "chars": ["\uE005"]
    },
    {
      "type": "bitmap",
      "file": "minecraft:textures/tablogo/logo_part6.png",
      "ascent": 16,
      "height": 16,
      "chars": ["\uE006"]
    },
    {
      "type": "bitmap",
      "file": "minecraft:textures/tablogo/logo_part7.png",
      "ascent": 16,
      "height": 16,
      "chars": ["\uE007"]
    },
    {
      "type": "bitmap",
      "file": "minecraft:textures/tablogo/logo_part8.png",
      "ascent": 16,
      "height": 16,
      "chars": ["\uE008"]
    },
    {
      "type": "bitmap",
      "file": "minecraft:textures/tablogo/logo_part9.png",
      "ascent": 16,
      "height": 16,
      "chars": ["\uE009"]
    },
    {
      "type": "bitmap",
      "file": "minecraft:textures/tablogo/logo_part10.png",
      "ascent": 16,
      "height": 16,
      "chars": ["\uE00A"]
    },
    {
      "type": "bitmap",
      "file": "minecraft:textures/tablogo/logo_part11.png",
      "ascent": 16,
      "height": 16,
      "chars": ["\uE00B"]
    },
    {
      "type": "bitmap",
      "file": "minecraft:textures/tablogo/logo_part12.png",
      "ascent": 16,
      "height": 16,
      "chars": ["\uE00C"]
    },
    {
      "type": "bitmap",
      "file": "minecraft:textures/tablogo/logo_part13.png",
      "ascent": 16,
      "height": 16,
      "chars": ["\uE00D"]
    },
    {
      "type": "bitmap",
      "file": "minecraft:textures/tablogo/logo_part14.png",
      "ascent": 16,
      "height": 16,
      "chars": ["\uE00E"]
    }
  ]
}
